<ImportExportXml version="9.2.23084.206" SolutionPackageVersion="9.2" languagecode="1033" generatedBy="CrmLive" xmlns:xsi="http://www.w3.org/2001/XMLSchema-instance">
  <SolutionManifest>
    <UniqueName>Export4BASF</UniqueName>
    <LocalizedNames>
      <LocalizedName description="Export4BASF" languagecode="1033" />
    </LocalizedNames>
    <Descriptions />
    <Version>1.0.0.1</Version>
    <Managed>0</Managed>
    <Publisher>
      <UniqueName>DefaultPublisherorg1aab0911</UniqueName>
      <LocalizedNames>
        <LocalizedName description="Default Publisher for org1aab0911" languagecode="1033" />
      </LocalizedNames>
      <Descriptions>
        <Description description="Default publisher for this organization" languagecode="1033" />
      </Descriptions>
      <EMailAddress xsi:nil="true"></EMailAddress>
      <SupportingWebsiteUrl xsi:nil="true"></SupportingWebsiteUrl>
      <CustomizationPrefix>new</CustomizationPrefix>
      <CustomizationOptionValuePrefix>10000</CustomizationOptionValuePrefix>
    </Publisher>
    <RootComponents>
      <RootComponent type="29" id="{ed99445b-1257-ee11-be6f-000d3a463168}" behavior="0" />
    </RootComponents>
    <MissingDependencies>
      <MissingDependency>
        <Required type="connectionreference" displayName="new_sharedoffice365users_d3a14" solution="Active" id.connectionreferencelogicalname="new_sharedoffice365users_d3a14" />
        <Dependent type="29" displayName="ChatWithMySAPDataOpenAI" id="{ed99445b-1257-ee11-be6f-000d3a463168}" />
      </MissingDependency>
      <MissingDependency>
        <Required type="connectionreference" displayName="new_sharedteams_168d4" solution="Active" id.connectionreferencelogicalname="new_sharedteams_168d4" />
        <Dependent type="29" displayName="ChatWithMySAPDataOpenAI" id="{ed99445b-1257-ee11-be6f-000d3a463168}" />
      </MissingDependency>
      <MissingDependency>
        <Required type="EnvironmentVariableDefinition" displayName="cr4af_OpenAIChatURL2" solution="Active" id.schemaname="cr4af_OpenAIChatURL2" />
        <Dependent type="29" displayName="ChatWithMySAPDataOpenAI" id="{ed99445b-1257-ee11-be6f-000d3a463168}" />
      </MissingDependency>
      <MissingDependency>
        <Required type="EnvironmentVariableDefinition" displayName="cr4af_OpenAIKey2" solution="Active" id.schemaname="cr4af_OpenAIKey2" />
        <Dependent type="29" displayName="ChatWithMySAPDataOpenAI" id="{ed99445b-1257-ee11-be6f-000d3a463168}" />
      </MissingDependency>
      <MissingDependency>
        <Required type="EnvironmentVariableDefinition" displayName="cr4af_saphanasql_key" solution="Active" id.schemaname="cr4af_saphanasql_key" />
        <Dependent type="29" displayName="ChatWithMySAPDataOpenAI" id="{ed99445b-1257-ee11-be6f-000d3a463168}" />
      </MissingDependency>
      <MissingDependency>
        <Required type="EnvironmentVariableDefinition" displayName="cr4af_saphanasql_url" solution="Active" id.schemaname="cr4af_saphanasql_url" />
        <Dependent type="29" displayName="ChatWithMySAPDataOpenAI" id="{ed99445b-1257-ee11-be6f-000d3a463168}" />
      </MissingDependency>
      <MissingDependency>
        <Required type="EnvironmentVariableDefinition" displayName="cr4af_sqloutputcsv2json_key" solution="Active" id.schemaname="cr4af_sqloutputcsv2json_key" />
        <Dependent type="29" displayName="ChatWithMySAPDataOpenAI" id="{ed99445b-1257-ee11-be6f-000d3a463168}" />
      </MissingDependency>
      <MissingDependency>
        <Required type="EnvironmentVariableDefinition" displayName="cr4af_sqloutputcsv2json_url" solution="Active" id.schemaname="cr4af_sqloutputcsv2json_url" />
        <Dependent type="29" displayName="ChatWithMySAPDataOpenAI" id="{ed99445b-1257-ee11-be6f-000d3a463168}" />
      </MissingDependency>
    </MissingDependencies>
  </SolutionManifest>
</ImportExportXml>