<environmentvariabledefinition schemaname="cr680_FlightDemo">
  <defaultvalue>xxxxxxxxxxxxxxxxxxxxxxxxxxxxxxxxxxxxxxxxxxxxxxxxxxxxxxxx</defaultvalue>
  <description default="hanasql-functionapp-key">
    <label description="hanasql-functionapp-key" languagecode="1033" />
  </description>
  <displayname default="hanasql-functionapp-key">
    <label description="hanasql-functionapp-key" languagecode="1033" />
  </displayname>
  <introducedversion>1.0.0.0</introducedversion>
  <iscustomizable>1</iscustomizable>
  <isrequired>0</isrequired>
  <secretstore>0</secretstore>
  <type>100000000</type>
</environmentvariabledefinition>