<environmentvariabledefinition schemaname="cr680_sqloutputcsv2markdown_url">
  <defaultvalue>https://your-sqloutput-csv-2-markdown.azurewebsites.net/api/sqloutputcsv2markdown</defaultvalue>
  <description default="csv2markdown_functionapp_url">
    <label description="csv2markdown_functionapp_url" languagecode="1033" />
  </description>
  <displayname default="csv2markdown_functionapp_url">
    <label description="csv2markdown_functionapp_url" languagecode="1033" />
  </displayname>
  <introducedversion>1.0.0.0</introducedversion>
  <iscustomizable>1</iscustomizable>
  <isrequired>0</isrequired>
  <secretstore>0</secretstore>
  <type>100000000</type>
</environmentvariabledefinition>