<environmentvariabledefinition schemaname="cr680_hanasqlfunctionappurl">
  <defaultvalue>https://your-hanasql-functionapp.azurewebsites.net/api/yourhanasql</defaultvalue>
  <description default="hanasql-functionapp-url">
    <label description="hanasql-functionapp-url" languagecode="1033" />
  </description>
  <displayname default="hanasql-functionapp-url">
    <label description="hanasql-functionapp-url" languagecode="1033" />
  </displayname>
  <introducedversion>1.0.0.0</introducedversion>
  <iscustomizable>1</iscustomizable>
  <isrequired>0</isrequired>
  <secretstore>0</secretstore>
  <type>100000000</type>
</environmentvariabledefinition>