<environmentvariabledefinition schemaname="cr680_csv2markdown_functionapp_key">
  <defaultvalue>xxxxxxxxxxxxxxxxxxxxxxxxxxxxxxxxxxxxxxxxxxxxxxxxxxxxxxxx</defaultvalue>
  <description default="csv2markdown_functionapp_key">
    <label description="csv2markdown_functionapp_key" languagecode="1033" />
  </description>
  <displayname default="csv2markdown_functionapp_key">
    <label description="csv2markdown_functionapp_key" languagecode="1033" />
  </displayname>
  <introducedversion>1.0.0.0</introducedversion>
  <iscustomizable>1</iscustomizable>
  <isrequired>0</isrequired>
  <secretstore>0</secretstore>
  <type>100000000</type>
</environmentvariabledefinition>